{
  "results": [
    {
      "min_smin": -386157.65625, 
      "job": "no_retrofit_base_h1", 
      "max_smax": 284401.375, 
      "max_u2": 0.1926245242357254
    }
  ]
}