{
  "results": [
    {
      "min_smin": -72942696.0, 
      "job": "retrofit_d_h5", 
      "max_smax": 134171320.0, 
      "max_u2": 0.00034929593675769866
    }, 
    {
      "min_smin": -23513478.0, 
      "job": "retrofit_e_h5", 
      "max_smax": 6700654.0, 
      "max_u2": 0.0006532371626235545
    }
  ]
}